{"v":"5.5.4","fr":30,"ip":0,"op":60,"w":1000,"h":1000,"nm":"Comp 1","ddd":0,"assets":[],"layers":[{"ddd":0,"ind":1,"ty":4,"nm":"loop b4","sr":1,"ks":{"o":{"a":0,"k":100,"ix":11},"r":{"a":0,"k":273,"ix":10},"p":{"a":0,"k":[628,500,0],"ix":2},"a":{"a":0,"k":[166,-10,0],"ix":1},"s":{"a":0,"k":[100,100,100],"ix":6}},"ao":0,"shapes":[{"ty":"gr","it":[{"ind":0,"ty":"sh","ix":1,"ks":{"a":0,"k":{"i":[[70.692,0],[0,-70.692],[-70.692,0],[0,70.692]],"o":[[-70.692,0],[0,70.692],[70.692,0],[0,-70.692]],"v":[[318,-74],[190,54],[318,182],[446,54]],"c":true},"ix":2},"nm":"Path 1","mn":"ADBE Vector Shape - Group","hd":false},{"ind":1,"ty":"sh","ix":2,"ks":{"a":0,"k":{"i":[[70.692,0],[0,-70.692],[-70.692,0],[0,70.692]],"o":[[-70.692,0],[0,70.692],[70.692,0],[0,-70.692]],"v":[[318,-74],[190,54],[318,182],[446,54]],"c":true},"ix":2},"nm":"Path 2","mn":"ADBE Vector Shape - Group","hd":false},{"ty":"st","c":{"a":0,"k":[0.980391977348,0.980391977348,0.980391977348,1],"ix":3},"o":{"a":0,"k":100,"ix":4},"w":{"a":0,"k":25,"ix":5},"lc":2,"lj":1,"ml":4,"bm":0,"nm":"Stroke 1","mn":"ADBE Vector Graphic - Stroke","hd":false},{"ty":"tr","p":{"a":0,"k":[-154,-64],"ix":2},"a":{"a":0,"k":[0,0],"ix":1},"s":{"a":0,"k":[100,100],"ix":3},"r":{"a":0,"k":0,"ix":6},"o":{"a":1,"k":[{"i":{"x":[0.667],"y":[1]},"o":{"x":[0.333],"y":[0]},"t":35,"s":[0]},{"i":{"x":[0.667],"y":[1]},"o":{"x":[0.333],"y":[0]},"t":50,"s":[100]},{"t":65,"s":[0]}],"ix":7},"sk":{"a":0,"k":0,"ix":4},"sa":{"a":0,"k":0,"ix":5},"nm":"Transform"}],"nm":"Ellipse 1","np":4,"cix":2,"bm":0,"ix":1,"mn":"ADBE Vector Group","hd":false},{"ty":"tm","s":{"a":1,"k":[{"i":{"x":[0.536],"y":[1]},"o":{"x":[0.412],"y":[0]},"t":37,"s":[100]},{"t":65,"s":[0]}],"ix":1},"e":{"a":1,"k":[{"i":{"x":[0.536],"y":[1]},"o":{"x":[0.497],"y":[0]},"t":37,"s":[99.9]},{"t":65,"s":[0.1]}],"ix":2},"o":{"a":0,"k":0,"ix":3},"m":1,"ix":2,"nm":"Trim Paths 1","mn":"ADBE Vector Filter - Trim","hd":false}],"ip":35,"op":127,"st":37,"bm":0},{"ddd":0,"ind":2,"ty":4,"nm":"loop b3","sr":1,"ks":{"o":{"a":0,"k":100,"ix":11},"r":{"a":0,"k":273,"ix":10},"p":{"a":0,"k":[628,500,0],"ix":2},"a":{"a":0,"k":[166,-10,0],"ix":1},"s":{"a":0,"k":[100,100,100],"ix":6}},"ao":0,"shapes":[{"ty":"gr","it":[{"ind":0,"ty":"sh","ix":1,"ks":{"a":0,"k":{"i":[[70.692,0],[0,-70.692],[-70.692,0],[0,70.692]],"o":[[-70.692,0],[0,70.692],[70.692,0],[0,-70.692]],"v":[[318,-74],[190,54],[318,182],[446,54]],"c":true},"ix":2},"nm":"Path 1","mn":"ADBE Vector Shape - Group","hd":false},{"ind":1,"ty":"sh","ix":2,"ks":{"a":0,"k":{"i":[[70.692,0],[0,-70.692],[-70.692,0],[0,70.692]],"o":[[-70.692,0],[0,70.692],[70.692,0],[0,-70.692]],"v":[[318,-74],[190,54],[318,182],[446,54]],"c":true},"ix":2},"nm":"Path 2","mn":"ADBE Vector Shape - Group","hd":false},{"ty":"st","c":{"a":0,"k":[0.980391977348,0.980391977348,0.980391977348,1],"ix":3},"o":{"a":0,"k":100,"ix":4},"w":{"a":0,"k":25,"ix":5},"lc":2,"lj":1,"ml":4,"bm":0,"nm":"Stroke 1","mn":"ADBE Vector Graphic - Stroke","hd":false},{"ty":"tr","p":{"a":0,"k":[-154,-64],"ix":2},"a":{"a":0,"k":[0,0],"ix":1},"s":{"a":0,"k":[100,100],"ix":3},"r":{"a":0,"k":0,"ix":6},"o":{"a":1,"k":[{"i":{"x":[0.667],"y":[1]},"o":{"x":[0.333],"y":[0]},"t":30,"s":[0]},{"i":{"x":[0.667],"y":[1]},"o":{"x":[0.333],"y":[0]},"t":45,"s":[100]},{"t":60,"s":[0]}],"ix":7},"sk":{"a":0,"k":0,"ix":4},"sa":{"a":0,"k":0,"ix":5},"nm":"Transform"}],"nm":"Ellipse 1","np":4,"cix":2,"bm":0,"ix":1,"mn":"ADBE Vector Group","hd":false},{"ty":"tm","s":{"a":1,"k":[{"i":{"x":[0.536],"y":[1]},"o":{"x":[0.412],"y":[0]},"t":32,"s":[100]},{"t":60,"s":[0]}],"ix":1},"e":{"a":1,"k":[{"i":{"x":[0.536],"y":[1]},"o":{"x":[0.497],"y":[0]},"t":32,"s":[99.9]},{"t":60,"s":[0.1]}],"ix":2},"o":{"a":0,"k":0,"ix":3},"m":1,"ix":2,"nm":"Trim Paths 1","mn":"ADBE Vector Filter - Trim","hd":false}],"ip":30,"op":122,"st":32,"bm":0},{"ddd":0,"ind":3,"ty":4,"nm":"loop b2","sr":1,"ks":{"o":{"a":0,"k":100,"ix":11},"r":{"a":0,"k":273,"ix":10},"p":{"a":0,"k":[628,500,0],"ix":2},"a":{"a":0,"k":[166,-10,0],"ix":1},"s":{"a":0,"k":[100,100,100],"ix":6}},"ao":0,"shapes":[{"ty":"gr","it":[{"ind":0,"ty":"sh","ix":1,"ks":{"a":0,"k":{"i":[[70.692,0],[0,-70.692],[-70.692,0],[0,70.692]],"o":[[-70.692,0],[0,70.692],[70.692,0],[0,-70.692]],"v":[[318,-74],[190,54],[318,182],[446,54]],"c":true},"ix":2},"nm":"Path 1","mn":"ADBE Vector Shape - Group","hd":false},{"ind":1,"ty":"sh","ix":2,"ks":{"a":0,"k":{"i":[[70.692,0],[0,-70.692],[-70.692,0],[0,70.692]],"o":[[-70.692,0],[0,70.692],[70.692,0],[0,-70.692]],"v":[[318,-74],[190,54],[318,182],[446,54]],"c":true},"ix":2},"nm":"Path 2","mn":"ADBE Vector Shape - Group","hd":false},{"ty":"st","c":{"a":0,"k":[0.980391977348,0.980391977348,0.980391977348,1],"ix":3},"o":{"a":0,"k":100,"ix":4},"w":{"a":0,"k":25,"ix":5},"lc":2,"lj":1,"ml":4,"bm":0,"nm":"Stroke 1","mn":"ADBE Vector Graphic - Stroke","hd":false},{"ty":"tr","p":{"a":0,"k":[-154,-64],"ix":2},"a":{"a":0,"k":[0,0],"ix":1},"s":{"a":0,"k":[100,100],"ix":3},"r":{"a":0,"k":0,"ix":6},"o":{"a":1,"k":[{"i":{"x":[0.667],"y":[1]},"o":{"x":[0.333],"y":[0]},"t":25,"s":[0]},{"i":{"x":[0.667],"y":[1]},"o":{"x":[0.333],"y":[0]},"t":40,"s":[100]},{"t":55,"s":[0]}],"ix":7},"sk":{"a":0,"k":0,"ix":4},"sa":{"a":0,"k":0,"ix":5},"nm":"Transform"}],"nm":"Ellipse 1","np":4,"cix":2,"bm":0,"ix":1,"mn":"ADBE Vector Group","hd":false},{"ty":"tm","s":{"a":1,"k":[{"i":{"x":[0.536],"y":[1]},"o":{"x":[0.412],"y":[0]},"t":27,"s":[100]},{"t":55,"s":[0]}],"ix":1},"e":{"a":1,"k":[{"i":{"x":[0.536],"y":[1]},"o":{"x":[0.497],"y":[0]},"t":27,"s":[99.9]},{"t":55,"s":[0.1]}],"ix":2},"o":{"a":0,"k":0,"ix":3},"m":1,"ix":2,"nm":"Trim Paths 1","mn":"ADBE Vector Filter - Trim","hd":false}],"ip":25,"op":117,"st":27,"bm":0},{"ddd":0,"ind":4,"ty":4,"nm":"loop b1","sr":1,"ks":{"o":{"a":0,"k":100,"ix":11},"r":{"a":0,"k":273,"ix":10},"p":{"a":0,"k":[628,500,0],"ix":2},"a":{"a":0,"k":[166,-10,0],"ix":1},"s":{"a":0,"k":[100,100,100],"ix":6}},"ao":0,"shapes":[{"ty":"gr","it":[{"ind":0,"ty":"sh","ix":1,"ks":{"a":0,"k":{"i":[[70.692,0],[0,-70.692],[-70.692,0],[0,70.692]],"o":[[-70.692,0],[0,70.692],[70.692,0],[0,-70.692]],"v":[[318,-74],[190,54],[318,182],[446,54]],"c":true},"ix":2},"nm":"Path 1","mn":"ADBE Vector Shape - Group","hd":false},{"ind":1,"ty":"sh","ix":2,"ks":{"a":0,"k":{"i":[[70.692,0],[0,-70.692],[-70.692,0],[0,70.692]],"o":[[-70.692,0],[0,70.692],[70.692,0],[0,-70.692]],"v":[[318,-74],[190,54],[318,182],[446,54]],"c":true},"ix":2},"nm":"Path 2","mn":"ADBE Vector Shape - Group","hd":false},{"ty":"st","c":{"a":0,"k":[0.980391977348,0.980391977348,0.980391977348,1],"ix":3},"o":{"a":0,"k":100,"ix":4},"w":{"a":0,"k":25,"ix":5},"lc":2,"lj":1,"ml":4,"bm":0,"nm":"Stroke 1","mn":"ADBE Vector Graphic - Stroke","hd":false},{"ty":"tr","p":{"a":0,"k":[-154,-64],"ix":2},"a":{"a":0,"k":[0,0],"ix":1},"s":{"a":0,"k":[100,100],"ix":3},"r":{"a":0,"k":0,"ix":6},"o":{"a":1,"k":[{"i":{"x":[0.667],"y":[1]},"o":{"x":[0.333],"y":[0]},"t":20,"s":[0]},{"i":{"x":[0.667],"y":[1]},"o":{"x":[0.333],"y":[0]},"t":35,"s":[100]},{"t":50,"s":[0]}],"ix":7},"sk":{"a":0,"k":0,"ix":4},"sa":{"a":0,"k":0,"ix":5},"nm":"Transform"}],"nm":"Ellipse 1","np":4,"cix":2,"bm":0,"ix":1,"mn":"ADBE Vector Group","hd":false},{"ty":"tm","s":{"a":1,"k":[{"i":{"x":[0.536],"y":[1]},"o":{"x":[0.412],"y":[0]},"t":22,"s":[100]},{"t":50,"s":[0]}],"ix":1},"e":{"a":1,"k":[{"i":{"x":[0.536],"y":[1]},"o":{"x":[0.497],"y":[0]},"t":22,"s":[99.9]},{"t":50,"s":[0.1]}],"ix":2},"o":{"a":0,"k":0,"ix":3},"m":1,"ix":2,"nm":"Trim Paths 1","mn":"ADBE Vector Filter - Trim","hd":false}],"ip":20,"op":112,"st":22,"bm":0},{"ddd":0,"ind":5,"ty":4,"nm":"loop a4","sr":1,"ks":{"o":{"a":1,"k":[{"i":{"x":[0.667],"y":[1]},"o":{"x":[0.333],"y":[0]},"t":45,"s":[100]},{"t":46,"s":[0]}],"ix":11},"r":{"a":0,"k":90,"ix":10},"p":{"a":0,"k":[374,500,0],"ix":2},"a":{"a":0,"k":[166,-10,0],"ix":1},"s":{"a":0,"k":[100,100,100],"ix":6}},"ao":0,"shapes":[{"ty":"gr","it":[{"ind":0,"ty":"sh","ix":1,"ks":{"a":0,"k":{"i":[[70.692,0],[0,-70.692],[-70.692,0],[0,70.692]],"o":[[-70.692,0],[0,70.692],[70.692,0],[0,-70.692]],"v":[[318,-74],[190,54],[318,182],[446,54]],"c":true},"ix":2},"nm":"Path 1","mn":"ADBE Vector Shape - Group","hd":false},{"ind":1,"ty":"sh","ix":2,"ks":{"a":0,"k":{"i":[[70.692,0],[0,-70.692],[-70.692,0],[0,70.692]],"o":[[-70.692,0],[0,70.692],[70.692,0],[0,-70.692]],"v":[[318,-74],[190,54],[318,182],[446,54]],"c":true},"ix":2},"nm":"Path 2","mn":"ADBE Vector Shape - Group","hd":false},{"ty":"st","c":{"a":0,"k":[0.980391977348,0.980391977348,0.980391977348,1],"ix":3},"o":{"a":0,"k":100,"ix":4},"w":{"a":0,"k":25,"ix":5},"lc":2,"lj":1,"ml":4,"bm":0,"nm":"Stroke 1","mn":"ADBE Vector Graphic - Stroke","hd":false},{"ty":"tr","p":{"a":0,"k":[-154,-64],"ix":2},"a":{"a":0,"k":[0,0],"ix":1},"s":{"a":0,"k":[100,100],"ix":3},"r":{"a":0,"k":0,"ix":6},"o":{"a":1,"k":[{"i":{"x":[0.667],"y":[1]},"o":{"x":[0.333],"y":[0]},"t":15,"s":[0]},{"i":{"x":[0.667],"y":[1]},"o":{"x":[0.333],"y":[0]},"t":30,"s":[100]},{"t":45,"s":[0]}],"ix":7},"sk":{"a":0,"k":0,"ix":4},"sa":{"a":0,"k":0,"ix":5},"nm":"Transform"}],"nm":"Ellipse 1","np":4,"cix":2,"bm":0,"ix":1,"mn":"ADBE Vector Group","hd":false},{"ty":"tm","s":{"a":1,"k":[{"i":{"x":[0.426],"y":[1]},"o":{"x":[0.424],"y":[0]},"t":15,"s":[0]},{"t":45,"s":[99.9]}],"ix":1},"e":{"a":1,"k":[{"i":{"x":[0.426],"y":[1]},"o":{"x":[0.511],"y":[0]},"t":15,"s":[0.055]},{"t":45,"s":[100]}],"ix":2},"o":{"a":0,"k":0,"ix":3},"m":1,"ix":2,"nm":"Trim Paths 1","mn":"ADBE Vector Filter - Trim","hd":false}],"ip":15,"op":105,"st":15,"bm":0},{"ddd":0,"ind":6,"ty":4,"nm":"loop a3","sr":1,"ks":{"o":{"a":1,"k":[{"i":{"x":[0.667],"y":[1]},"o":{"x":[0.333],"y":[0]},"t":40,"s":[100]},{"t":41,"s":[0]}],"ix":11},"r":{"a":0,"k":90,"ix":10},"p":{"a":0,"k":[374,500,0],"ix":2},"a":{"a":0,"k":[166,-10,0],"ix":1},"s":{"a":0,"k":[100,100,100],"ix":6}},"ao":0,"shapes":[{"ty":"gr","it":[{"ind":0,"ty":"sh","ix":1,"ks":{"a":0,"k":{"i":[[70.692,0],[0,-70.692],[-70.692,0],[0,70.692]],"o":[[-70.692,0],[0,70.692],[70.692,0],[0,-70.692]],"v":[[318,-74],[190,54],[318,182],[446,54]],"c":true},"ix":2},"nm":"Path 1","mn":"ADBE Vector Shape - Group","hd":false},{"ind":1,"ty":"sh","ix":2,"ks":{"a":0,"k":{"i":[[70.692,0],[0,-70.692],[-70.692,0],[0,70.692]],"o":[[-70.692,0],[0,70.692],[70.692,0],[0,-70.692]],"v":[[318,-74],[190,54],[318,182],[446,54]],"c":true},"ix":2},"nm":"Path 2","mn":"ADBE Vector Shape - Group","hd":false},{"ty":"st","c":{"a":0,"k":[0.980391977348,0.980391977348,0.980391977348,1],"ix":3},"o":{"a":0,"k":100,"ix":4},"w":{"a":0,"k":25,"ix":5},"lc":2,"lj":1,"ml":4,"bm":0,"nm":"Stroke 1","mn":"ADBE Vector Graphic - Stroke","hd":false},{"ty":"tr","p":{"a":0,"k":[-154,-64],"ix":2},"a":{"a":0,"k":[0,0],"ix":1},"s":{"a":0,"k":[100,100],"ix":3},"r":{"a":0,"k":0,"ix":6},"o":{"a":1,"k":[{"i":{"x":[0.667],"y":[1]},"o":{"x":[0.333],"y":[0]},"t":10,"s":[0]},{"i":{"x":[0.667],"y":[1]},"o":{"x":[0.333],"y":[0]},"t":25,"s":[100]},{"t":40,"s":[0]}],"ix":7},"sk":{"a":0,"k":0,"ix":4},"sa":{"a":0,"k":0,"ix":5},"nm":"Transform"}],"nm":"Ellipse 1","np":4,"cix":2,"bm":0,"ix":1,"mn":"ADBE Vector Group","hd":false},{"ty":"tm","s":{"a":1,"k":[{"i":{"x":[0.426],"y":[1]},"o":{"x":[0.424],"y":[0]},"t":10,"s":[0]},{"t":40,"s":[99.9]}],"ix":1},"e":{"a":1,"k":[{"i":{"x":[0.426],"y":[1]},"o":{"x":[0.511],"y":[0]},"t":10,"s":[0.055]},{"t":40,"s":[100]}],"ix":2},"o":{"a":0,"k":0,"ix":3},"m":1,"ix":2,"nm":"Trim Paths 1","mn":"ADBE Vector Filter - Trim","hd":false}],"ip":10,"op":100,"st":10,"bm":0},{"ddd":0,"ind":7,"ty":4,"nm":"loop a2","sr":1,"ks":{"o":{"a":1,"k":[{"i":{"x":[0.667],"y":[1]},"o":{"x":[0.333],"y":[0]},"t":35,"s":[100]},{"t":36,"s":[0]}],"ix":11},"r":{"a":0,"k":90,"ix":10},"p":{"a":0,"k":[374,500,0],"ix":2},"a":{"a":0,"k":[166,-10,0],"ix":1},"s":{"a":0,"k":[100,100,100],"ix":6}},"ao":0,"shapes":[{"ty":"gr","it":[{"ind":0,"ty":"sh","ix":1,"ks":{"a":0,"k":{"i":[[70.692,0],[0,-70.692],[-70.692,0],[0,70.692]],"o":[[-70.692,0],[0,70.692],[70.692,0],[0,-70.692]],"v":[[318,-74],[190,54],[318,182],[446,54]],"c":true},"ix":2},"nm":"Path 1","mn":"ADBE Vector Shape - Group","hd":false},{"ind":1,"ty":"sh","ix":2,"ks":{"a":0,"k":{"i":[[70.692,0],[0,-70.692],[-70.692,0],[0,70.692]],"o":[[-70.692,0],[0,70.692],[70.692,0],[0,-70.692]],"v":[[318,-74],[190,54],[318,182],[446,54]],"c":true},"ix":2},"nm":"Path 2","mn":"ADBE Vector Shape - Group","hd":false},{"ty":"st","c":{"a":0,"k":[0.980391977348,0.980391977348,0.980391977348,1],"ix":3},"o":{"a":0,"k":100,"ix":4},"w":{"a":0,"k":25,"ix":5},"lc":2,"lj":1,"ml":4,"bm":0,"nm":"Stroke 1","mn":"ADBE Vector Graphic - Stroke","hd":false},{"ty":"tr","p":{"a":0,"k":[-154,-64],"ix":2},"a":{"a":0,"k":[0,0],"ix":1},"s":{"a":0,"k":[100,100],"ix":3},"r":{"a":0,"k":0,"ix":6},"o":{"a":1,"k":[{"i":{"x":[0.667],"y":[1]},"o":{"x":[0.333],"y":[0]},"t":5,"s":[0]},{"i":{"x":[0.667],"y":[1]},"o":{"x":[0.333],"y":[0]},"t":20,"s":[100]},{"t":35,"s":[0]}],"ix":7},"sk":{"a":0,"k":0,"ix":4},"sa":{"a":0,"k":0,"ix":5},"nm":"Transform"}],"nm":"Ellipse 1","np":4,"cix":2,"bm":0,"ix":1,"mn":"ADBE Vector Group","hd":false},{"ty":"tm","s":{"a":1,"k":[{"i":{"x":[0.426],"y":[1]},"o":{"x":[0.424],"y":[0]},"t":5,"s":[0]},{"t":35,"s":[99.9]}],"ix":1},"e":{"a":1,"k":[{"i":{"x":[0.426],"y":[1]},"o":{"x":[0.511],"y":[0]},"t":5,"s":[0.055]},{"t":35,"s":[100]}],"ix":2},"o":{"a":0,"k":0,"ix":3},"m":1,"ix":2,"nm":"Trim Paths 1","mn":"ADBE Vector Filter - Trim","hd":false}],"ip":5,"op":95,"st":5,"bm":0},{"ddd":0,"ind":8,"ty":4,"nm":"loop a1","sr":1,"ks":{"o":{"a":1,"k":[{"i":{"x":[0.667],"y":[1]},"o":{"x":[0.333],"y":[0]},"t":30,"s":[100]},{"t":31,"s":[0]}],"ix":11},"r":{"a":0,"k":90,"ix":10},"p":{"a":0,"k":[374,500,0],"ix":2},"a":{"a":0,"k":[166,-10,0],"ix":1},"s":{"a":0,"k":[100,100,100],"ix":6}},"ao":0,"shapes":[{"ty":"gr","it":[{"ind":0,"ty":"sh","ix":1,"ks":{"a":0,"k":{"i":[[70.692,0],[0,-70.692],[-70.692,0],[0,70.692]],"o":[[-70.692,0],[0,70.692],[70.692,0],[0,-70.692]],"v":[[318,-74],[190,54],[318,182],[446,54]],"c":true},"ix":2},"nm":"Path 1","mn":"ADBE Vector Shape - Group","hd":false},{"ind":1,"ty":"sh","ix":2,"ks":{"a":0,"k":{"i":[[70.692,0],[0,-70.692],[-70.692,0],[0,70.692]],"o":[[-70.692,0],[0,70.692],[70.692,0],[0,-70.692]],"v":[[318,-74],[190,54],[318,182],[446,54]],"c":true},"ix":2},"nm":"Path 2","mn":"ADBE Vector Shape - Group","hd":false},{"ty":"st","c":{"a":0,"k":[0.980391977348,0.980391977348,0.980391977348,1],"ix":3},"o":{"a":0,"k":100,"ix":4},"w":{"a":0,"k":25,"ix":5},"lc":2,"lj":1,"ml":4,"bm":0,"nm":"Stroke 1","mn":"ADBE Vector Graphic - Stroke","hd":false},{"ty":"tr","p":{"a":0,"k":[-154,-64],"ix":2},"a":{"a":0,"k":[0,0],"ix":1},"s":{"a":0,"k":[100,100],"ix":3},"r":{"a":0,"k":0,"ix":6},"o":{"a":1,"k":[{"i":{"x":[0.667],"y":[1]},"o":{"x":[0.333],"y":[0]},"t":0,"s":[0]},{"i":{"x":[0.667],"y":[1]},"o":{"x":[0.333],"y":[0]},"t":15,"s":[100]},{"t":30,"s":[0]}],"ix":7},"sk":{"a":0,"k":0,"ix":4},"sa":{"a":0,"k":0,"ix":5},"nm":"Transform"}],"nm":"Ellipse 1","np":4,"cix":2,"bm":0,"ix":1,"mn":"ADBE Vector Group","hd":false},{"ty":"tm","s":{"a":1,"k":[{"i":{"x":[0.426],"y":[1]},"o":{"x":[0.424],"y":[0]},"t":0,"s":[0]},{"t":30,"s":[99.9]}],"ix":1},"e":{"a":1,"k":[{"i":{"x":[0.426],"y":[1]},"o":{"x":[0.511],"y":[0]},"t":0,"s":[0.055]},{"t":30,"s":[100]}],"ix":2},"o":{"a":0,"k":0,"ix":3},"m":1,"ix":2,"nm":"Trim Paths 1","mn":"ADBE Vector Filter - Trim","hd":false}],"ip":0,"op":90,"st":0,"bm":0}],"markers":[]}